id;last_updated;created;program_rule_action_type;evaluation_time;data;template_uid;content;display_content;track;created_by_id;last_updated_by_id;program_rule_id
cc5d1e42-4da1-43b6-a946-48a78fd04423;2024-08-23T13:46:37;disintermediate Toys orchid;Health red Account;cross-platform;moderator platforms;Decentralized reciprocal;generate seamless;Sports;NONE;6a272c05-b3a5-472d-9736-c1991e149d2d;6a272c05-b3a5-472d-9736-c1991e149d2d;5b4c0ead-a7c9-46bd-97d3-52140e93c13b
a2320405-2975-440a-9529-0e6f48c27e8e;2024-08-23T07:16:08;Account Cambridgeshire;impactful Plastic mobile;Intelligent;b Shoes synthesize;metrics deploy;actuating Towels hack;mobile clicks-and-mortar;NEW;d1917eee-bb29-489c-a08a-54a0f94df77f;d1917eee-bb29-489c-a08a-54a0f94df77f;a2a9420d-339b-4f76-b157-42ca45eaa0c0
ffce221c-af96-498a-aa9d-0c685f89cb91;2024-08-22T21:54:04;Steel;card c Superviseur;technologies Fantastic eyeballs;red payment;redundant SMTP;e-enable Omani;Granite Shoes user-centric;UPDATE;10876a9a-97a5-432d-9f5b-0422e18b9e0b;10876a9a-97a5-432d-9f5b-0422e18b9e0b;6257e418-a1ab-4747-b20e-69a859bca93e
fe4316fe-5bd3-44a3-a5ae-2b64bf4ba645;2024-08-23T21:00:19;deposit Granite;Nakfa Concrete;Buckinghamshire sexy;Specialiste;deliver overriding;Computer XSS;methodologies Bacon open-source;NEW;d2d5b32d-e441-4aba-812a-c44f2d4a84ac;d2d5b32d-e441-4aba-812a-c44f2d4a84ac;3a5a3504-cdbc-459c-bb2c-4b56ff0a5c49
f4952121-fde2-4c48-927a-b7d64659a4e9;2024-08-23T17:17:41;Manager bus Île-de-France;generate invoice;next-generation;Car FTP;system Manager compressing;integrate;Computer Berkshire Zambie;NONE;6d3707aa-1b3b-4102-bc50-78a5b9f31418;6d3707aa-1b3b-4102-bc50-78a5b9f31418;5f38b4f0-54fd-4194-a5ac-4a36f4a073be
e1af0347-ec3b-4b0e-9c38-6f361d73acf3;2024-08-23T03:16:37;Movies Dominican;Movies Centre Intelligent;invoice auxiliary User-centric;Berkshire heuristic up;a;Cambridgeshire Cheese Networked;pixel;UPDATE;013f423a-6cb3-44a2-b348-999d8d7cb6bd;013f423a-6cb3-44a2-b348-999d8d7cb6bd;4e02589a-eda5-41f6-8494-127938e013f6
1f3de120-a2cb-424e-9a4f-9bfc09889e1d;2024-08-23T21:34:00;a Refined capacity;Bedfordshire Franche-Comté;hour unleash;Corse back;Realigned Bedfordshire payment;IB Intelligent;Bike;NEW;0b22d136-90b2-4587-8236-02c9a21b12fc;0b22d136-90b2-4587-8236-02c9a21b12fc;3a13f287-ac2d-4de2-a142-f9e7584252d7
94d479de-dc4d-4802-baf0-a53dadaf2fda;2024-08-23T01:39:44;Stand-alone Plastic;e-business Concrete a;capacity;drive;Toys Generic card;a;Computer Haute-Normandie;NEW;5ed36a51-855e-49d1-96eb-43a8b3f308ee;5ed36a51-855e-49d1-96eb-43a8b3f308ee;28e077d9-2e0c-4730-9f9d-15b244bc9f8b
a07c201b-e28b-4255-a706-7f1969b9f386;2024-08-22T23:22:05;quantifying homogeneous Dahomey;Stagiaire Adaptive utilize;Ball;Lettonie;des;Unbranded Liberian;reboot Ruble;UPDATE;ca661a45-cf2c-4df9-b8a1-2768842fcbd4;ca661a45-cf2c-4df9-b8a1-2768842fcbd4;c9246508-30b2-42f3-9c7b-b542e52dba82
d3dea651-285f-42b0-ab41-b1c388724380;2024-08-23T18:46:19;République Investment primary;Pizza Intelligent;Berkshire Computers;compress;flexibility Chicken Chair;Electronics Saint-Denis Clothing;Tools back Unbranded;UPDATE;c3050b70-fa14-4f55-9ca3-49272af5fb46;c3050b70-fa14-4f55-9ca3-49272af5fb46;fd112c02-5ae6-4272-8db7-62ba56de44eb
